raman_shift_cm-1,intensity
151.1,250.0
152.87,200.5
154.63,232.4
156.39,233.2
158.15,232.7
159.91,218.7
161.67,215.2
163.44,245.6
165.2,202.2
166.96,226.6
168.72,226.9
170.48,226.9
172.24,254.8
174.0,218.4
175.76,188.2
177.52,237.8
179.28,225.4
181.04,259.4
182.8,227.2
184.56,211.9
186.32,257.4
188.08,237.5
189.84,201.8
191.6,209.5
193.36,236.0
195.12,236.7
196.88,206.5
198.64,241.3
200.4,260.4
202.16,237.3
203.92,238.7
205.68,204.4
207.44,237.0
209.2,180.6
210.95,238.5
212.71,249.3
214.47,236.4
216.23,221.5
217.99,221.2
219.75,259.4
221.5,234.9
223.26,246.3
225.02,257.1
226.78,247.4
228.53,209.3
230.29,256.8
232.05,212.4
233.81,255.5
235.56,229.3
237.32,218.9
239.08,243.6
240.84,207.3
242.59,239.7
244.35,235.4
246.11,218.3
247.86,226.8
249.62,261.0
251.37,269.0
253.13,245.3
254.89,256.3
256.64,243.0
258.4,231.1
260.15,260.4
261.91,232.4
263.67,273.8
265.42,217.6
267.18,242.4
268.93,259.4
270.69,192.1
272.44,268.6
274.2,209.3
275.95,233.1
277.71,257.5
279.46,232.8
281.22,239.1
282.97,239.6
284.73,266.3
286.48,218.6
288.23,264.7
289.99,232.5
291.74,246.5
293.5,276.4
295.25,244.3
297.0,235.7
298.76,196.4
300.51,224.0
302.26,257.5
304.02,208.2
305.77,252.1
307.52,218.3
309.28,253.2
311.03,239.0
312.78,249.0
314.53,249.2
316.29,240.4
318.04,217.2
319.79,240.8
321.54,234.7
323.3,210.7
325.05,266.6
326.8,221.5
328.55,224.1
330.3,283.8
332.06,296.9
333.81,248.8
335.56,235.1
337.31,238.0
339.06,243.8
340.81,217.2
342.56,272.3
344.32,265.5
346.07,243.9
347.82,239.5
349.57,247.8
351.32,199.7
353.07,260.5
354.82,247.4
356.57,270.9
358.32,266.3
360.07,255.8
361.82,208.4
363.57,251.3
365.32,225.3
367.07,257.7
368.82,267.2
370.57,250.8
372.32,245.4
374.07,257.8
375.82,258.8
377.56,263.1
379.31,256.5
381.06,262.6
382.81,249.2
384.56,228.1
386.31,239.6
388.06,282.1
389.81,269.1
391.55,254.8
393.3,240.2
395.05,249.2
396.8,288.2
398.55,267.6
400.29,233.7
402.04,245.9
403.79,251.3
405.54,238.1
407.28,260.8
409.03,256.9
410.78,223.3
412.53,265.3
414.27,255.8
416.02,272.9
417.77,273.9
419.51,292.7
421.26,275.9
423.01,275.7
424.75,266.0
426.5,296.7
428.24,266.4
429.99,290.7
431.74,279.2
433.48,273.2
435.23,236.0
436.97,267.6
438.72,275.7
440.46,277.7
442.21,235.9
443.96,258.6
445.7,266.8
447.45,252.4
449.19,281.7
450.94,272.2
452.68,244.3
454.43,254.3
456.17,238.1
457.91,275.0
459.66,264.5
461.4,261.3
463.15,239.7
464.89,246.2
466.64,286.6
468.38,279.5
470.12,280.3
471.87,298.6
473.61,267.9
475.35,264.1
477.1,264.2
478.84,282.4
480.58,241.4
482.33,235.2
484.07,260.7
485.81,256.0
487.55,270.5
489.3,244.4
491.04,290.1
492.78,272.2
494.52,309.0
496.27,280.0
498.01,222.4
499.75,270.8
501.49,283.3
503.24,316.2
504.98,296.9
506.72,233.5
508.46,266.3
510.2,259.1
511.94,269.8
513.68,260.9
515.43,289.5
517.17,269.0
518.91,255.6
520.65,267.7
522.39,235.8
524.13,280.1
525.87,282.0
527.61,273.0
529.35,271.6
531.09,303.5
532.83,268.1
534.57,264.0
536.31,253.7
538.05,244.2
539.79,260.5
541.53,257.5
543.27,262.7
545.01,267.0
546.75,289.7
548.49,274.5
550.23,280.8
551.97,314.5
553.71,271.9
555.44,285.6
557.18,312.0
558.92,282.1
560.66,330.7
562.4,339.1
564.14,325.2
565.88,282.0
567.61,275.4
569.35,286.7
571.09,245.8
572.83,282.3
574.56,271.3
576.3,287.0
578.04,272.6
579.78,270.5
581.51,255.6
583.25,270.7
584.99,262.4
586.73,253.0
588.46,257.7
590.2,302.4
591.94,292.1
593.67,274.6
595.41,276.3
597.15,279.7
598.88,266.9
600.62,253.1
602.36,295.9
604.09,255.8
605.83,257.9
607.56,272.6
609.3,245.1
611.03,296.8
612.77,305.1
614.51,295.1
616.24,277.4
617.98,271.5
619.71,281.2
621.45,318.6
623.18,292.2
624.92,270.0
626.65,282.5
628.39,288.7
630.12,284.1
631.85,305.9
633.59,278.1
635.32,288.3
637.06,268.6
638.79,299.4
640.52,279.8
642.26,226.5
643.99,306.6
645.73,298.2
647.46,276.6
649.19,281.9
650.93,283.6
652.66,300.9
654.39,295.5
656.13,278.1
657.86,265.6
659.59,258.3
661.32,279.4
663.06,293.1
664.79,287.9
666.52,278.3
668.25,257.5
669.99,271.0
671.72,288.0
673.45,284.9
675.18,306.8
676.91,275.9
678.65,256.5
680.38,287.8
682.11,276.9
683.84,318.7
685.57,273.2
687.3,314.9
689.03,261.2
690.77,313.4
692.5,289.2
694.23,251.2
695.96,284.9
697.69,260.9
699.42,271.2
701.15,294.2
702.88,287.7
704.61,280.3
706.34,314.0
708.07,299.1
709.8,257.2
711.53,297.5
713.26,322.0
714.99,284.1
716.72,313.5
718.45,323.9
720.18,302.1
721.91,314.4
723.64,296.8
725.36,288.8
727.09,278.5
728.82,291.8
730.55,285.2
732.28,317.1
734.01,316.6
735.74,291.9
737.46,337.0
739.19,388.2
740.92,428.7
742.65,401.1
744.38,324.5
746.1,303.4
747.83,293.6
749.56,305.5
751.29,259.7
753.02,316.5
754.74,317.2
756.47,324.5
758.2,273.7
759.92,274.1
761.65,341.2
763.38,276.9
765.1,341.9
766.83,299.2
768.56,283.0
770.28,301.1
772.01,312.9
773.74,315.3
775.46,304.2
777.19,299.2
778.91,279.1
780.64,290.1
782.37,307.9
784.09,259.4
785.82,284.3
787.54,271.8
789.27,341.2
790.99,314.9
792.72,290.5
794.44,306.9
796.17,305.1
797.89,274.2
799.62,291.6
801.34,312.4
803.07,291.8
804.79,267.9
806.52,296.1
808.24,318.8
809.96,298.1
811.69,289.1
813.41,270.9
815.14,302.8
816.86,285.2
818.58,287.9
820.31,278.8
822.03,298.9
823.75,278.5
825.48,315.6
827.2,294.1
828.92,282.5
830.64,269.0
832.37,316.8
834.09,303.5
835.81,289.6
837.54,304.0
839.26,277.0
840.98,325.4
842.7,297.3
844.42,331.6
846.15,302.0
847.87,312.0
849.59,291.6
851.31,264.2
853.03,343.5
854.75,325.1
856.48,319.5
858.2,283.5
859.92,313.7
861.64,321.2
863.36,296.6
865.08,312.7
866.8,307.7
868.52,347.6
870.24,333.2
871.96,299.8
873.68,294.5
875.4,277.7
877.13,326.8
878.85,326.5
880.57,302.3
882.29,346.4
884.0,331.5
885.72,341.8
887.44,330.8
889.16,321.3
890.88,310.6
892.6,329.4
894.32,292.5
896.04,357.7
897.76,313.0
899.48,314.8
901.2,311.1
902.92,298.2
904.63,323.9
906.35,310.4
908.07,290.4
909.79,311.9
911.51,279.4
913.23,275.6
914.94,314.8
916.66,320.3
918.38,315.5
920.1,287.3
921.81,269.2
923.53,295.3
925.25,334.1
926.97,296.0
928.68,312.7
930.4,366.9
932.12,309.5
933.83,292.0
935.55,286.4
937.27,299.8
938.98,301.5
940.7,334.5
942.42,335.3
944.13,313.7
945.85,353.2
947.57,322.1
949.28,321.5
951.0,327.9
952.71,343.2
954.43,265.8
956.15,359.8
957.86,297.7
959.58,333.3
961.29,296.8
963.01,320.5
964.72,292.0
966.44,305.5
968.15,315.4
969.87,336.3
971.58,309.6
973.3,283.1
975.01,343.7
976.72,303.1
978.44,293.3
980.15,338.0
981.87,314.7
983.58,335.0
985.29,326.1
987.01,306.0
988.72,303.5
990.44,289.3
992.15,308.0
993.86,269.7
995.58,311.6
997.29,359.8
999.0,297.6
1000.71,350.6
1002.43,330.0
1004.14,377.2
1005.85,400.3
1007.57,448.1
1009.28,458.4
1010.99,434.7
1012.7,356.6
1014.41,389.2
1016.13,380.7
1017.84,318.6
1019.55,334.6
1021.26,310.0
1022.97,336.7
1024.69,337.6
1026.4,329.1
1028.11,293.8
1029.82,304.1
1031.53,339.7
1033.24,311.4
1034.95,308.4
1036.66,362.5
1038.37,318.4
1040.09,341.2
1041.8,314.6
1043.51,296.7
1045.22,337.3
1046.93,350.1
1048.64,336.7
1050.35,329.3
1052.06,329.5
1053.77,361.6
1055.48,335.1
1057.19,324.8
1058.9,334.9
1060.61,324.3
1062.31,294.6
1064.02,318.4
1065.73,328.2
1067.44,321.5
1069.15,297.5
1070.86,305.4
1072.57,323.1
1074.28,295.2
1075.99,353.0
1077.69,335.0
1079.4,297.9
1081.11,329.6
1082.82,340.6
1084.53,290.8
1086.24,357.6
1087.94,296.5
1089.65,294.0
1091.36,332.8
1093.07,350.3
1094.77,337.8
1096.48,302.5
1098.19,345.6
1099.89,335.5
1101.6,340.1
1103.31,359.9
1105.02,326.7
1106.72,339.0
1108.43,333.9
1110.14,310.4
1111.84,331.0
1113.55,314.4
1115.25,351.6
1116.96,323.9
1118.67,332.3
1120.37,320.1
1122.08,309.2
1123.78,347.6
1125.49,287.8
1127.2,375.2
1128.9,322.7
1130.61,357.5
1132.31,332.3
1134.02,326.6
1135.72,313.4
1137.43,344.8
1139.13,330.2
1140.84,334.3
1142.54,322.7
1144.25,303.0
1145.95,338.1
1147.65,315.0
1149.36,312.5
1151.06,313.7
1152.77,332.3
1154.47,341.8
1156.17,293.4
1157.88,312.3
1159.58,313.6
1161.29,354.4
1162.99,379.3
1164.69,343.0
1166.4,344.2
1168.1,331.8
1169.8,327.4
1171.5,360.5
1173.21,349.0
1174.91,375.9
1176.61,381.8
1178.32,365.2
1180.02,378.5
1181.72,397.7
1183.42,357.8
1185.12,378.3
1186.83,338.9
1188.53,334.7
1190.23,344.8
1191.93,367.0
1193.63,346.4
1195.33,350.5
1197.04,282.8
1198.74,359.8
1200.44,339.1
1202.14,345.8
1203.84,338.3
1205.54,382.8
1207.24,329.9
1208.94,317.4
1210.64,303.9
1212.34,358.0
1214.05,316.4
1215.75,318.6
1217.45,311.1
1219.15,293.2
1220.85,339.0
1222.55,343.4
1224.25,331.1
1225.95,345.0
1227.64,317.9
1229.34,312.7
1231.04,337.7
1232.74,305.0
1234.44,336.9
1236.14,342.0
1237.84,341.5
1239.54,320.4
1241.24,319.8
1242.94,332.0
1244.64,338.9
1246.33,342.3
1248.03,334.4
1249.73,365.4
1251.43,301.1
1253.13,336.3
1254.83,362.7
1256.52,333.8
1258.22,316.9
1259.92,366.4
1261.62,309.6
1263.31,356.2
1265.01,338.5
1266.71,342.8
1268.41,310.5
1270.1,371.1
1271.8,367.7
1273.5,313.3
1275.19,329.3
1276.89,324.6
1278.59,334.3
1280.28,342.3
1281.98,372.1
1283.68,327.6
1285.37,340.1
1287.07,327.7
1288.76,338.3
1290.46,327.7
1292.16,366.5
1293.85,333.2
1295.55,327.4
1297.24,336.9
1298.94,314.2
1300.63,337.1
1302.33,320.9
1304.02,306.4
1305.72,352.1
1307.41,340.3
1309.11,338.0
1310.8,312.3
1312.5,344.3
1314.19,342.3
1315.89,373.9
1317.58,367.8
1319.28,372.2
1320.97,353.5
1322.66,373.9
1324.36,393.4
1326.05,338.4
1327.74,364.5
1329.44,402.2
1331.13,411.5
1332.83,397.5
1334.52,399.2
1336.21,402.7
1337.9,379.1
1339.6,365.6
1341.29,313.4
1342.98,334.4
1344.68,321.8
1346.37,356.3
1348.06,325.8
1349.75,332.1
1351.45,353.7
1353.14,351.8
1354.83,340.5
1356.52,342.4
1358.21,394.7
1359.91,343.1
1361.6,322.1
1363.29,359.3
1364.98,288.9
1366.67,343.5
1368.36,309.8
1370.05,336.9
1371.75,350.6
1373.44,363.6
1375.13,344.0
1376.82,329.7
1378.51,347.0
1380.2,310.6
1381.89,346.7
1383.58,318.3
1385.27,371.9
1386.96,358.3
1388.65,331.0
1390.34,370.6
1392.03,360.7
1393.72,363.9
1395.41,347.2
1397.1,307.8
1398.79,360.8
1400.48,321.2
1402.17,305.5
1403.86,334.9
1405.55,351.1
1407.24,336.9
1408.92,314.1
1410.61,345.5
1412.3,351.7
1413.99,288.9
1415.68,337.7
1417.37,367.0
1419.06,379.2
1420.74,339.6
1422.43,365.5
1424.12,316.8
1425.81,330.2
1427.5,333.6
1429.18,345.8
1430.87,337.3
1432.56,307.0
1434.25,341.6
1435.93,346.5
1437.62,382.6
1439.31,326.5
1440.99,370.9
1442.68,329.1
1444.37,337.3
1446.05,360.5
1447.74,338.6
1449.43,318.4
1451.11,352.6
1452.8,377.1
1454.49,362.6
1456.17,358.4
1457.86,393.1
1459.54,336.5
1461.23,340.1
1462.92,373.1
1464.6,322.7
1466.29,357.7
1467.97,353.4
1469.66,339.4
1471.34,338.3
1473.03,361.5
1474.71,383.7
1476.4,328.8
1478.08,333.7
1479.77,359.4
1481.45,335.7
1483.14,332.4
1484.82,359.2
1486.5,316.6
1488.19,328.6
1489.87,366.1
1491.56,342.8
1493.24,374.7
1494.92,344.8
1496.61,322.5
1498.29,341.7
1499.97,345.3
1501.66,384.9
1503.34,381.0
1505.02,351.5
1506.71,401.1
1508.39,304.8
1510.07,316.6
1511.76,376.7
1513.44,346.9
1515.12,373.2
1516.8,347.8
1518.49,342.1
1520.17,358.3
1521.85,375.2
1523.53,329.7
1525.21,354.5
1526.9,398.5
1528.58,355.6
1530.26,369.5
1531.94,324.6
1533.62,343.0
1535.3,354.2
1536.99,353.1
1538.67,355.9
1540.35,356.3
1542.03,341.2
1543.71,388.3
1545.39,402.7
1547.07,357.0
1548.75,349.9
1550.43,347.9
1552.11,328.6
1553.79,352.8
1555.47,328.1
1557.15,338.0
1558.83,387.3
1560.51,328.5
1562.19,344.6
1563.87,408.3
1565.55,341.8
1567.23,341.7
1568.91,328.4
1570.59,349.3
1572.27,346.7
1573.95,365.4
1575.63,337.3
1577.31,373.8
1578.98,416.3
1580.66,360.6
1582.34,389.3
1584.02,419.2
1585.7,437.7
1587.38,484.0
1589.06,477.8
1590.73,480.9
1592.41,424.4
1594.09,393.7
1595.77,387.5
1597.44,335.3
1599.12,366.7
1600.8,347.4
1602.48,371.9
1604.15,333.5
1605.83,378.4
1607.51,346.3
1609.18,345.4
1610.86,310.7
1612.54,321.7
1614.22,313.4
1615.89,325.9
1617.57,343.2
1619.24,353.3
1620.92,345.8
1622.6,342.1
1624.27,329.7
1625.95,314.0
1627.62,365.0
1629.3,352.2
1630.98,340.3
1632.65,389.3
1634.33,327.5
1636.0,317.7
1637.68,337.6
1639.35,365.8
1641.03,375.3
1642.7,364.3
1644.38,344.2
1646.05,367.1
1647.73,332.6
1649.4,368.8
1651.08,351.3
1652.75,375.8
1654.42,351.7
1656.1,322.8
1657.77,355.6
1659.45,339.0
1661.12,354.1
1662.79,348.3
1664.47,361.7
1666.14,383.6
1667.81,321.9
1669.49,377.2
1671.16,369.3
1672.83,365.5
1674.51,354.9
1676.18,344.3
1677.85,341.8
1679.53,323.5
1681.2,343.6
1682.87,366.6
1684.54,382.2
1686.22,331.3
1687.89,384.3
1689.56,388.5
1691.23,350.4
1692.9,332.1
1694.58,379.0
1696.25,353.1
1697.92,334.4
1699.59,369.6
1701.26,350.5
1702.93,337.5
1704.6,365.1
1706.28,316.7
1707.95,367.6
1709.62,349.8
1711.29,331.2
1712.96,323.1
1714.63,334.4
1716.3,359.1
1717.97,360.1
1719.64,324.1
1721.31,396.3
1722.98,379.9
1724.65,324.4
1726.32,340.2
1727.99,336.7
1729.66,349.2
1731.33,341.2
1733.0,358.8
1734.67,328.8
1736.34,363.0
1738.01,372.1
1739.68,338.8
1741.35,341.3
1743.02,369.9
1744.68,358.8
1746.35,361.5
1748.02,382.7
1749.69,322.7
1751.36,339.9
1753.03,319.0
1754.69,358.6
1756.36,360.1
1758.03,348.8
1759.7,389.1
1761.37,356.4
1763.03,384.2
1764.7,367.9
1766.37,401.3
1768.04,362.0
1769.7,357.2
1771.37,343.9
1773.04,375.7
1774.71,377.8
1776.37,386.6
1778.04,323.9
1779.71,321.8
1781.37,372.7
1783.04,333.5
1784.71,377.6
1786.37,358.3
1788.04,366.3
1789.7,334.9
1791.37,339.5
1793.04,377.2
1794.7,351.3
1796.37,354.3
1798.03,354.9
1799.7,364.7
1801.36,350.9
1803.03,336.9
1804.69,378.2
1806.36,322.3
1808.02,362.3
1809.69,358.6
1811.35,354.0
1813.02,361.5
1814.68,338.2
1816.35,327.6
1818.01,375.1
1819.68,380.3
1821.34,381.2
1823.01,375.4
1824.67,337.8
1826.33,383.7
1828.0,377.0
1829.66,389.8
1831.32,384.4
1832.99,344.0
1834.65,363.5
1836.31,365.4
1837.98,399.2
1839.64,355.6
1841.3,349.8
1842.97,389.9
1844.63,347.2
1846.29,387.9
1847.95,391.3
1849.62,391.5
1851.28,379.2
1852.94,376.2
1854.6,372.1
1856.27,355.6
1857.93,354.3
1859.59,366.9
1861.25,390.9
1862.91,348.7
1864.58,350.4
1866.24,344.7
1867.9,348.9
1869.56,359.0
1871.22,358.9
1872.88,352.5
1874.54,380.0
1876.2,401.8
1877.86,333.5
1879.53,375.7
1881.19,348.8
1882.85,347.3
1884.51,362.2
1886.17,357.9
1887.83,347.0
1889.49,387.7
1891.15,328.5
1892.81,341.8
1894.47,367.8
1896.13,357.1
1897.79,384.8
1899.45,363.9
1901.1,390.1
