file,substance,sample_id
polystyrene_S1_01.csv,polystyrene,polystyrene_S1
polystyrene_S1_02.csv,polystyrene,polystyrene_S1
polystyrene_S1_03.csv,polystyrene,polystyrene_S1
polystyrene_S1_04.csv,polystyrene,polystyrene_S1
polystyrene_S1_05.csv,polystyrene,polystyrene_S1
polystyrene_S1_06.csv,polystyrene,polystyrene_S1
polystyrene_S1_07.csv,polystyrene,polystyrene_S1
polystyrene_S1_08.csv,polystyrene,polystyrene_S1
polystyrene_S2_01.csv,polystyrene,polystyrene_S2
polystyrene_S2_02.csv,polystyrene,polystyrene_S2
polystyrene_S2_03.csv,polystyrene,polystyrene_S2
polystyrene_S2_04.csv,polystyrene,polystyrene_S2
polystyrene_S2_05.csv,polystyrene,polystyrene_S2
polystyrene_S2_06.csv,polystyrene,polystyrene_S2
polystyrene_S2_07.csv,polystyrene,polystyrene_S2
polystyrene_S2_08.csv,polystyrene,polystyrene_S2
polystyrene_S3_01.csv,polystyrene,polystyrene_S3
polystyrene_S3_02.csv,polystyrene,polystyrene_S3
polystyrene_S3_03.csv,polystyrene,polystyrene_S3
polystyrene_S3_04.csv,polystyrene,polystyrene_S3
polystyrene_S3_05.csv,polystyrene,polystyrene_S3
polystyrene_S3_06.csv,polystyrene,polystyrene_S3
polystyrene_S3_07.csv,polystyrene,polystyrene_S3
polystyrene_S3_08.csv,polystyrene,polystyrene_S3
polystyrene_S4_01.csv,polystyrene,polystyrene_S4
polystyrene_S4_02.csv,polystyrene,polystyrene_S4
polystyrene_S4_03.csv,polystyrene,polystyrene_S4
polystyrene_S4_04.csv,polystyrene,polystyrene_S4
polystyrene_S4_05.csv,polystyrene,polystyrene_S4
polystyrene_S4_06.csv,polystyrene,polystyrene_S4
polystyrene_S4_07.csv,polystyrene,polystyrene_S4
polystyrene_S4_08.csv,polystyrene,polystyrene_S4
polystyrene_S5_01.csv,polystyrene,polystyrene_S5
polystyrene_S5_02.csv,polystyrene,polystyrene_S5
polystyrene_S5_03.csv,polystyrene,polystyrene_S5
polystyrene_S5_04.csv,polystyrene,polystyrene_S5
polystyrene_S5_05.csv,polystyrene,polystyrene_S5
polystyrene_S5_06.csv,polystyrene,polystyrene_S5
polystyrene_S5_07.csv,polystyrene,polystyrene_S5
polystyrene_S5_08.csv,polystyrene,polystyrene_S5
polystyrene_S6_01.csv,polystyrene,polystyrene_S6
polystyrene_S6_02.csv,polystyrene,polystyrene_S6
polystyrene_S6_03.csv,polystyrene,polystyrene_S6
polystyrene_S6_04.csv,polystyrene,polystyrene_S6
polystyrene_S6_05.csv,polystyrene,polystyrene_S6
polystyrene_S6_06.csv,polystyrene,polystyrene_S6
polystyrene_S6_07.csv,polystyrene,polystyrene_S6
polystyrene_S6_08.csv,polystyrene,polystyrene_S6
ethanol_S1_01.csv,ethanol,ethanol_S1
ethanol_S1_02.csv,ethanol,ethanol_S1
ethanol_S1_03.csv,ethanol,ethanol_S1
ethanol_S1_04.csv,ethanol,ethanol_S1
ethanol_S1_05.csv,ethanol,ethanol_S1
ethanol_S1_06.csv,ethanol,ethanol_S1
ethanol_S1_07.csv,ethanol,ethanol_S1
ethanol_S1_08.csv,ethanol,ethanol_S1
ethanol_S2_01.csv,ethanol,ethanol_S2
ethanol_S2_02.csv,ethanol,ethanol_S2
ethanol_S2_03.csv,ethanol,ethanol_S2
ethanol_S2_04.csv,ethanol,ethanol_S2
ethanol_S2_05.csv,ethanol,ethanol_S2
ethanol_S2_06.csv,ethanol,ethanol_S2
ethanol_S2_07.csv,ethanol,ethanol_S2
ethanol_S2_08.csv,ethanol,ethanol_S2
ethanol_S3_01.csv,ethanol,ethanol_S3
ethanol_S3_02.csv,ethanol,ethanol_S3
ethanol_S3_03.csv,ethanol,ethanol_S3
ethanol_S3_04.csv,ethanol,ethanol_S3
ethanol_S3_05.csv,ethanol,ethanol_S3
ethanol_S3_06.csv,ethanol,ethanol_S3
ethanol_S3_07.csv,ethanol,ethanol_S3
ethanol_S3_08.csv,ethanol,ethanol_S3
ethanol_S4_01.csv,ethanol,ethanol_S4
ethanol_S4_02.csv,ethanol,ethanol_S4
ethanol_S4_03.csv,ethanol,ethanol_S4
ethanol_S4_04.csv,ethanol,ethanol_S4
ethanol_S4_05.csv,ethanol,ethanol_S4
ethanol_S4_06.csv,ethanol,ethanol_S4
ethanol_S4_07.csv,ethanol,ethanol_S4
ethanol_S4_08.csv,ethanol,ethanol_S4
ethanol_S5_01.csv,ethanol,ethanol_S5
ethanol_S5_02.csv,ethanol,ethanol_S5
ethanol_S5_03.csv,ethanol,ethanol_S5
ethanol_S5_04.csv,ethanol,ethanol_S5
ethanol_S5_05.csv,ethanol,ethanol_S5
ethanol_S5_06.csv,ethanol,ethanol_S5
ethanol_S5_07.csv,ethanol,ethanol_S5
ethanol_S5_08.csv,ethanol,ethanol_S5
ethanol_S6_01.csv,ethanol,ethanol_S6
ethanol_S6_02.csv,ethanol,ethanol_S6
ethanol_S6_03.csv,ethanol,ethanol_S6
ethanol_S6_04.csv,ethanol,ethanol_S6
ethanol_S6_05.csv,ethanol,ethanol_S6
ethanol_S6_06.csv,ethanol,ethanol_S6
ethanol_S6_07.csv,ethanol,ethanol_S6
ethanol_S6_08.csv,ethanol,ethanol_S6
acetaminophen_S1_01.csv,acetaminophen,acetaminophen_S1
acetaminophen_S1_02.csv,acetaminophen,acetaminophen_S1
acetaminophen_S1_03.csv,acetaminophen,acetaminophen_S1
acetaminophen_S1_04.csv,acetaminophen,acetaminophen_S1
acetaminophen_S1_05.csv,acetaminophen,acetaminophen_S1
acetaminophen_S1_06.csv,acetaminophen,acetaminophen_S1
acetaminophen_S1_07.csv,acetaminophen,acetaminophen_S1
acetaminophen_S1_08.csv,acetaminophen,acetaminophen_S1
acetaminophen_S2_01.csv,acetaminophen,acetaminophen_S2
acetaminophen_S2_02.csv,acetaminophen,acetaminophen_S2
acetaminophen_S2_03.csv,acetaminophen,acetaminophen_S2
acetaminophen_S2_04.csv,acetaminophen,acetaminophen_S2
acetaminophen_S2_05.csv,acetaminophen,acetaminophen_S2
acetaminophen_S2_06.csv,acetaminophen,acetaminophen_S2
acetaminophen_S2_07.csv,acetaminophen,acetaminophen_S2
acetaminophen_S2_08.csv,acetaminophen,acetaminophen_S2
acetaminophen_S3_01.csv,acetaminophen,acetaminophen_S3
acetaminophen_S3_02.csv,acetaminophen,acetaminophen_S3
acetaminophen_S3_03.csv,acetaminophen,acetaminophen_S3
acetaminophen_S3_04.csv,acetaminophen,acetaminophen_S3
acetaminophen_S3_05.csv,acetaminophen,acetaminophen_S3
acetaminophen_S3_06.csv,acetaminophen,acetaminophen_S3
acetaminophen_S3_07.csv,acetaminophen,acetaminophen_S3
acetaminophen_S3_08.csv,acetaminophen,acetaminophen_S3
acetaminophen_S4_01.csv,acetaminophen,acetaminophen_S4
acetaminophen_S4_02.csv,acetaminophen,acetaminophen_S4
acetaminophen_S4_03.csv,acetaminophen,acetaminophen_S4
acetaminophen_S4_04.csv,acetaminophen,acetaminophen_S4
acetaminophen_S4_05.csv,acetaminophen,acetaminophen_S4
acetaminophen_S4_06.csv,acetaminophen,acetaminophen_S4
acetaminophen_S4_07.csv,acetaminophen,acetaminophen_S4
acetaminophen_S4_08.csv,acetaminophen,acetaminophen_S4
acetaminophen_S5_01.csv,acetaminophen,acetaminophen_S5
acetaminophen_S5_02.csv,acetaminophen,acetaminophen_S5
acetaminophen_S5_03.csv,acetaminophen,acetaminophen_S5
acetaminophen_S5_04.csv,acetaminophen,acetaminophen_S5
acetaminophen_S5_05.csv,acetaminophen,acetaminophen_S5
acetaminophen_S5_06.csv,acetaminophen,acetaminophen_S5
acetaminophen_S5_07.csv,acetaminophen,acetaminophen_S5
acetaminophen_S5_08.csv,acetaminophen,acetaminophen_S5
acetaminophen_S6_01.csv,acetaminophen,acetaminophen_S6
acetaminophen_S6_02.csv,acetaminophen,acetaminophen_S6
acetaminophen_S6_03.csv,acetaminophen,acetaminophen_S6
acetaminophen_S6_04.csv,acetaminophen,acetaminophen_S6
acetaminophen_S6_05.csv,acetaminophen,acetaminophen_S6
acetaminophen_S6_06.csv,acetaminophen,acetaminophen_S6
acetaminophen_S6_07.csv,acetaminophen,acetaminophen_S6
acetaminophen_S6_08.csv,acetaminophen,acetaminophen_S6
calcite_S1_01.csv,calcite,calcite_S1
calcite_S1_02.csv,calcite,calcite_S1
calcite_S1_03.csv,calcite,calcite_S1
calcite_S1_04.csv,calcite,calcite_S1
calcite_S1_05.csv,calcite,calcite_S1
calcite_S1_06.csv,calcite,calcite_S1
calcite_S1_07.csv,calcite,calcite_S1
calcite_S1_08.csv,calcite,calcite_S1
calcite_S2_01.csv,calcite,calcite_S2
calcite_S2_02.csv,calcite,calcite_S2
calcite_S2_03.csv,calcite,calcite_S2
calcite_S2_04.csv,calcite,calcite_S2
calcite_S2_05.csv,calcite,calcite_S2
calcite_S2_06.csv,calcite,calcite_S2
calcite_S2_07.csv,calcite,calcite_S2
calcite_S2_08.csv,calcite,calcite_S2
calcite_S3_01.csv,calcite,calcite_S3
calcite_S3_02.csv,calcite,calcite_S3
calcite_S3_03.csv,calcite,calcite_S3
calcite_S3_04.csv,calcite,calcite_S3
calcite_S3_05.csv,calcite,calcite_S3
calcite_S3_06.csv,calcite,calcite_S3
calcite_S3_07.csv,calcite,calcite_S3
calcite_S3_08.csv,calcite,calcite_S3
calcite_S4_01.csv,calcite,calcite_S4
calcite_S4_02.csv,calcite,calcite_S4
calcite_S4_03.csv,calcite,calcite_S4
calcite_S4_04.csv,calcite,calcite_S4
calcite_S4_05.csv,calcite,calcite_S4
calcite_S4_06.csv,calcite,calcite_S4
calcite_S4_07.csv,calcite,calcite_S4
calcite_S4_08.csv,calcite,calcite_S4
calcite_S5_01.csv,calcite,calcite_S5
calcite_S5_02.csv,calcite,calcite_S5
calcite_S5_03.csv,calcite,calcite_S5
calcite_S5_04.csv,calcite,calcite_S5
calcite_S5_05.csv,calcite,calcite_S5
calcite_S5_06.csv,calcite,calcite_S5
calcite_S5_07.csv,calcite,calcite_S5
calcite_S5_08.csv,calcite,calcite_S5
calcite_S6_01.csv,calcite,calcite_S6
calcite_S6_02.csv,calcite,calcite_S6
calcite_S6_03.csv,calcite,calcite_S6
calcite_S6_04.csv,calcite,calcite_S6
calcite_S6_05.csv,calcite,calcite_S6
calcite_S6_06.csv,calcite,calcite_S6
calcite_S6_07.csv,calcite,calcite_S6
calcite_S6_08.csv,calcite,calcite_S6
glucose_S1_01.csv,glucose,glucose_S1
glucose_S1_02.csv,glucose,glucose_S1
glucose_S1_03.csv,glucose,glucose_S1
glucose_S1_04.csv,glucose,glucose_S1
glucose_S1_05.csv,glucose,glucose_S1
glucose_S1_06.csv,glucose,glucose_S1
glucose_S1_07.csv,glucose,glucose_S1
glucose_S1_08.csv,glucose,glucose_S1
glucose_S2_01.csv,glucose,glucose_S2
glucose_S2_02.csv,glucose,glucose_S2
glucose_S2_03.csv,glucose,glucose_S2
glucose_S2_04.csv,glucose,glucose_S2
glucose_S2_05.csv,glucose,glucose_S2
glucose_S2_06.csv,glucose,glucose_S2
glucose_S2_07.csv,glucose,glucose_S2
glucose_S2_08.csv,glucose,glucose_S2
glucose_S3_01.csv,glucose,glucose_S3
glucose_S3_02.csv,glucose,glucose_S3
glucose_S3_03.csv,glucose,glucose_S3
glucose_S3_04.csv,glucose,glucose_S3
glucose_S3_05.csv,glucose,glucose_S3
glucose_S3_06.csv,glucose,glucose_S3
glucose_S3_07.csv,glucose,glucose_S3
glucose_S3_08.csv,glucose,glucose_S3
glucose_S4_01.csv,glucose,glucose_S4
glucose_S4_02.csv,glucose,glucose_S4
glucose_S4_03.csv,glucose,glucose_S4
glucose_S4_04.csv,glucose,glucose_S4
glucose_S4_05.csv,glucose,glucose_S4
glucose_S4_06.csv,glucose,glucose_S4
glucose_S4_07.csv,glucose,glucose_S4
glucose_S4_08.csv,glucose,glucose_S4
glucose_S5_01.csv,glucose,glucose_S5
glucose_S5_02.csv,glucose,glucose_S5
glucose_S5_03.csv,glucose,glucose_S5
glucose_S5_04.csv,glucose,glucose_S5
glucose_S5_05.csv,glucose,glucose_S5
glucose_S5_06.csv,glucose,glucose_S5
glucose_S5_07.csv,glucose,glucose_S5
glucose_S5_08.csv,glucose,glucose_S5
glucose_S6_01.csv,glucose,glucose_S6
glucose_S6_02.csv,glucose,glucose_S6
glucose_S6_03.csv,glucose,glucose_S6
glucose_S6_04.csv,glucose,glucose_S6
glucose_S6_05.csv,glucose,glucose_S6
glucose_S6_06.csv,glucose,glucose_S6
glucose_S6_07.csv,glucose,glucose_S6
glucose_S6_08.csv,glucose,glucose_S6
cyclohexane_S1_01.csv,cyclohexane,cyclohexane_S1
cyclohexane_S1_02.csv,cyclohexane,cyclohexane_S1
cyclohexane_S1_03.csv,cyclohexane,cyclohexane_S1
cyclohexane_S1_04.csv,cyclohexane,cyclohexane_S1
cyclohexane_S1_05.csv,cyclohexane,cyclohexane_S1
cyclohexane_S1_06.csv,cyclohexane,cyclohexane_S1
cyclohexane_S1_07.csv,cyclohexane,cyclohexane_S1
cyclohexane_S1_08.csv,cyclohexane,cyclohexane_S1
cyclohexane_S2_01.csv,cyclohexane,cyclohexane_S2
cyclohexane_S2_02.csv,cyclohexane,cyclohexane_S2
cyclohexane_S2_03.csv,cyclohexane,cyclohexane_S2
cyclohexane_S2_04.csv,cyclohexane,cyclohexane_S2
cyclohexane_S2_05.csv,cyclohexane,cyclohexane_S2
cyclohexane_S2_06.csv,cyclohexane,cyclohexane_S2
cyclohexane_S2_07.csv,cyclohexane,cyclohexane_S2
cyclohexane_S2_08.csv,cyclohexane,cyclohexane_S2
cyclohexane_S3_01.csv,cyclohexane,cyclohexane_S3
cyclohexane_S3_02.csv,cyclohexane,cyclohexane_S3
cyclohexane_S3_03.csv,cyclohexane,cyclohexane_S3
cyclohexane_S3_04.csv,cyclohexane,cyclohexane_S3
cyclohexane_S3_05.csv,cyclohexane,cyclohexane_S3
cyclohexane_S3_06.csv,cyclohexane,cyclohexane_S3
cyclohexane_S3_07.csv,cyclohexane,cyclohexane_S3
cyclohexane_S3_08.csv,cyclohexane,cyclohexane_S3
cyclohexane_S4_01.csv,cyclohexane,cyclohexane_S4
cyclohexane_S4_02.csv,cyclohexane,cyclohexane_S4
cyclohexane_S4_03.csv,cyclohexane,cyclohexane_S4
cyclohexane_S4_04.csv,cyclohexane,cyclohexane_S4
cyclohexane_S4_05.csv,cyclohexane,cyclohexane_S4
cyclohexane_S4_06.csv,cyclohexane,cyclohexane_S4
cyclohexane_S4_07.csv,cyclohexane,cyclohexane_S4
cyclohexane_S4_08.csv,cyclohexane,cyclohexane_S4
cyclohexane_S5_01.csv,cyclohexane,cyclohexane_S5
cyclohexane_S5_02.csv,cyclohexane,cyclohexane_S5
cyclohexane_S5_03.csv,cyclohexane,cyclohexane_S5
cyclohexane_S5_04.csv,cyclohexane,cyclohexane_S5
cyclohexane_S5_05.csv,cyclohexane,cyclohexane_S5
cyclohexane_S5_06.csv,cyclohexane,cyclohexane_S5
cyclohexane_S5_07.csv,cyclohexane,cyclohexane_S5
cyclohexane_S5_08.csv,cyclohexane,cyclohexane_S5
cyclohexane_S6_01.csv,cyclohexane,cyclohexane_S6
cyclohexane_S6_02.csv,cyclohexane,cyclohexane_S6
cyclohexane_S6_03.csv,cyclohexane,cyclohexane_S6
cyclohexane_S6_04.csv,cyclohexane,cyclohexane_S6
cyclohexane_S6_05.csv,cyclohexane,cyclohexane_S6
cyclohexane_S6_06.csv,cyclohexane,cyclohexane_S6
cyclohexane_S6_07.csv,cyclohexane,cyclohexane_S6
cyclohexane_S6_08.csv,cyclohexane,cyclohexane_S6
compound_form_I_S1_01.csv,compound_form_I,compound_form_I_S1
compound_form_I_S1_02.csv,compound_form_I,compound_form_I_S1
compound_form_I_S1_03.csv,compound_form_I,compound_form_I_S1
compound_form_I_S1_04.csv,compound_form_I,compound_form_I_S1
compound_form_I_S1_05.csv,compound_form_I,compound_form_I_S1
compound_form_I_S1_06.csv,compound_form_I,compound_form_I_S1
compound_form_I_S1_07.csv,compound_form_I,compound_form_I_S1
compound_form_I_S1_08.csv,compound_form_I,compound_form_I_S1
compound_form_I_S2_01.csv,compound_form_I,compound_form_I_S2
compound_form_I_S2_02.csv,compound_form_I,compound_form_I_S2
compound_form_I_S2_03.csv,compound_form_I,compound_form_I_S2
compound_form_I_S2_04.csv,compound_form_I,compound_form_I_S2
compound_form_I_S2_05.csv,compound_form_I,compound_form_I_S2
compound_form_I_S2_06.csv,compound_form_I,compound_form_I_S2
compound_form_I_S2_07.csv,compound_form_I,compound_form_I_S2
compound_form_I_S2_08.csv,compound_form_I,compound_form_I_S2
compound_form_I_S3_01.csv,compound_form_I,compound_form_I_S3
compound_form_I_S3_02.csv,compound_form_I,compound_form_I_S3
compound_form_I_S3_03.csv,compound_form_I,compound_form_I_S3
compound_form_I_S3_04.csv,compound_form_I,compound_form_I_S3
compound_form_I_S3_05.csv,compound_form_I,compound_form_I_S3
compound_form_I_S3_06.csv,compound_form_I,compound_form_I_S3
compound_form_I_S3_07.csv,compound_form_I,compound_form_I_S3
compound_form_I_S3_08.csv,compound_form_I,compound_form_I_S3
compound_form_I_S4_01.csv,compound_form_I,compound_form_I_S4
compound_form_I_S4_02.csv,compound_form_I,compound_form_I_S4
compound_form_I_S4_03.csv,compound_form_I,compound_form_I_S4
compound_form_I_S4_04.csv,compound_form_I,compound_form_I_S4
compound_form_I_S4_05.csv,compound_form_I,compound_form_I_S4
compound_form_I_S4_06.csv,compound_form_I,compound_form_I_S4
compound_form_I_S4_07.csv,compound_form_I,compound_form_I_S4
compound_form_I_S4_08.csv,compound_form_I,compound_form_I_S4
compound_form_I_S5_01.csv,compound_form_I,compound_form_I_S5
compound_form_I_S5_02.csv,compound_form_I,compound_form_I_S5
compound_form_I_S5_03.csv,compound_form_I,compound_form_I_S5
compound_form_I_S5_04.csv,compound_form_I,compound_form_I_S5
compound_form_I_S5_05.csv,compound_form_I,compound_form_I_S5
compound_form_I_S5_06.csv,compound_form_I,compound_form_I_S5
compound_form_I_S5_07.csv,compound_form_I,compound_form_I_S5
compound_form_I_S5_08.csv,compound_form_I,compound_form_I_S5
compound_form_I_S6_01.csv,compound_form_I,compound_form_I_S6
compound_form_I_S6_02.csv,compound_form_I,compound_form_I_S6
compound_form_I_S6_03.csv,compound_form_I,compound_form_I_S6
compound_form_I_S6_04.csv,compound_form_I,compound_form_I_S6
compound_form_I_S6_05.csv,compound_form_I,compound_form_I_S6
compound_form_I_S6_06.csv,compound_form_I,compound_form_I_S6
compound_form_I_S6_07.csv,compound_form_I,compound_form_I_S6
compound_form_I_S6_08.csv,compound_form_I,compound_form_I_S6
compound_form_II_S1_01.csv,compound_form_II,compound_form_II_S1
compound_form_II_S1_02.csv,compound_form_II,compound_form_II_S1
compound_form_II_S1_03.csv,compound_form_II,compound_form_II_S1
compound_form_II_S1_04.csv,compound_form_II,compound_form_II_S1
compound_form_II_S1_05.csv,compound_form_II,compound_form_II_S1
compound_form_II_S1_06.csv,compound_form_II,compound_form_II_S1
compound_form_II_S1_07.csv,compound_form_II,compound_form_II_S1
compound_form_II_S1_08.csv,compound_form_II,compound_form_II_S1
compound_form_II_S2_01.csv,compound_form_II,compound_form_II_S2
compound_form_II_S2_02.csv,compound_form_II,compound_form_II_S2
compound_form_II_S2_03.csv,compound_form_II,compound_form_II_S2
compound_form_II_S2_04.csv,compound_form_II,compound_form_II_S2
compound_form_II_S2_05.csv,compound_form_II,compound_form_II_S2
compound_form_II_S2_06.csv,compound_form_II,compound_form_II_S2
compound_form_II_S2_07.csv,compound_form_II,compound_form_II_S2
compound_form_II_S2_08.csv,compound_form_II,compound_form_II_S2
compound_form_II_S3_01.csv,compound_form_II,compound_form_II_S3
compound_form_II_S3_02.csv,compound_form_II,compound_form_II_S3
compound_form_II_S3_03.csv,compound_form_II,compound_form_II_S3
compound_form_II_S3_04.csv,compound_form_II,compound_form_II_S3
compound_form_II_S3_05.csv,compound_form_II,compound_form_II_S3
compound_form_II_S3_06.csv,compound_form_II,compound_form_II_S3
compound_form_II_S3_07.csv,compound_form_II,compound_form_II_S3
compound_form_II_S3_08.csv,compound_form_II,compound_form_II_S3
compound_form_II_S4_01.csv,compound_form_II,compound_form_II_S4
compound_form_II_S4_02.csv,compound_form_II,compound_form_II_S4
compound_form_II_S4_03.csv,compound_form_II,compound_form_II_S4
compound_form_II_S4_04.csv,compound_form_II,compound_form_II_S4
compound_form_II_S4_05.csv,compound_form_II,compound_form_II_S4
compound_form_II_S4_06.csv,compound_form_II,compound_form_II_S4
compound_form_II_S4_07.csv,compound_form_II,compound_form_II_S4
compound_form_II_S4_08.csv,compound_form_II,compound_form_II_S4
compound_form_II_S5_01.csv,compound_form_II,compound_form_II_S5
compound_form_II_S5_02.csv,compound_form_II,compound_form_II_S5
compound_form_II_S5_03.csv,compound_form_II,compound_form_II_S5
compound_form_II_S5_04.csv,compound_form_II,compound_form_II_S5
compound_form_II_S5_05.csv,compound_form_II,compound_form_II_S5
compound_form_II_S5_06.csv,compound_form_II,compound_form_II_S5
compound_form_II_S5_07.csv,compound_form_II,compound_form_II_S5
compound_form_II_S5_08.csv,compound_form_II,compound_form_II_S5
compound_form_II_S6_01.csv,compound_form_II,compound_form_II_S6
compound_form_II_S6_02.csv,compound_form_II,compound_form_II_S6
compound_form_II_S6_03.csv,compound_form_II,compound_form_II_S6
compound_form_II_S6_04.csv,compound_form_II,compound_form_II_S6
compound_form_II_S6_05.csv,compound_form_II,compound_form_II_S6
compound_form_II_S6_06.csv,compound_form_II,compound_form_II_S6
compound_form_II_S6_07.csv,compound_form_II,compound_form_II_S6
compound_form_II_S6_08.csv,compound_form_II,compound_form_II_S6
